player,rounds_played,vlr_rating,acs,kd,kast,adr,kpr,apr,dpr,fkpr,fdpr,hs_percent,cl_percent,year
FengFTE,388,1.43,244.1,1.32,0.82,184.7,0.87,0.19,0.66,0.1,0.05,0.25,0.4,2023
NinebodyTYL,441,1.37,248.6,1.25,0.74,179.9,0.9,0.17,0.72,0.19,0.15,0.29,0.18,2023
SpringWOL,287,1.29,285.5,1.33,0.8,177.0,0.98,0.18,0.74,0.2,0.15,0.31,0.05,2023
pl1xxWOL,342,1.29,227.0,1.19,0.78,154.9,0.78,0.31,0.66,0.07,0.03,0.19,0.03,2023
aspasMIBR,1778,1.26,249.8,1.37,0.75,164.4,0.89,0.18,0.65,0.18,0.11,0.29,0.15,2024
SWERLNOVA,284,1.26,271.5,1.32,0.75,178.6,0.96,0.19,0.73,0.23,0.13,0.27,0.3,2023
LeoFNC,1357,1.25,206.3,1.37,0.82,133.1,0.74,0.41,0.54,0.04,0.03,0.21,0.2,2023
MapleCCG,342,1.25,268.0,1.25,0.73,182.7,0.92,0.21,0.74,0.26,0.19,0.22,0.14,2023
aspasMIBR,414,1.23,240.6,1.36,0.77,158.3,0.86,0.13,0.63,0.18,0.12,0.22,0.1,2025
coldfishTYL,296,1.23,244.2,1.28,0.76,157.0,0.86,0.27,0.67,0.09,0.06,0.17,0.12,2023
CHICHOOEDG,730,1.23,218.6,1.21,0.71,158.1,0.8,0.27,0.66,0.08,0.07,0.28,0.22,2025
AlfajerFNC,1252,1.22,224.1,1.4,0.76,148.8,0.83,0.18,0.59,0.11,0.07,0.27,0.15,2023
KeikoTL,648,1.22,230.4,1.28,0.78,151.8,0.85,0.31,0.67,0.1,0.07,0.38,0.14,2025
madaNRG,242,1.21,262.1,1.26,0.73,166.1,0.92,0.21,0.73,0.2,0.21,0.22,0.21,2025
trentG2,624,1.21,212.7,1.25,0.75,144.3,0.76,0.28,0.6,0.09,0.08,0.26,0.29,2025
sphiry4AM,358,1.2,204.5,1.11,0.74,139.1,0.74,0.27,0.66,0.07,0.06,0.34,0.16,2023
LeoFNC,859,1.19,204.6,1.27,0.81,135.5,0.74,0.36,0.58,0.04,0.03,0.26,0.09,2024
aspasMIBR,1618,1.18,238.4,1.3,0.75,153.4,0.87,0.17,0.67,0.17,0.11,0.25,0.17,2023
ShyyKRÜ,300,1.18,206.9,1.21,0.75,138.5,0.76,0.23,0.63,0.08,0.04,0.27,0.25,2025
Flex1nDRG,388,1.18,198.2,1.12,0.79,115.5,0.72,0.46,0.64,0.07,0.05,0.28,0.3,2023
SayfVIT,1040,1.18,243.1,1.24,0.73,155.5,0.84,0.23,0.68,0.17,0.14,0.23,0.16,2023
kiNggLEV,987,1.18,222.2,1.22,0.76,146.3,0.77,0.38,0.63,0.1,0.09,0.29,0.18,2023
KushyRRQ,331,1.17,219.1,1.17,0.75,141.1,0.75,0.33,0.64,0.09,0.07,0.36,0.17,2025
JemkinRRQ,331,1.17,250.1,1.24,0.74,159.5,0.88,0.23,0.71,0.23,0.16,0.27,0.08,2025
IchiroTOPG,325,1.17,197.5,1.04,0.77,137.0,0.68,0.45,0.66,0.07,0.07,0.28,0.32,2023
B3arBLG,287,1.17,178.2,1.08,0.85,117.8,0.7,0.56,0.64,0.02,0.04,0.33,0.09,2023
N4RRATESEN,1205,1.17,235.7,1.18,0.76,155.2,0.82,0.33,0.69,0.11,0.08,0.26,0.18,2024
diseasedSNS,296,1.17,201.0,1.12,0.78,140.2,0.72,0.33,0.65,0.07,0.06,0.24,0.14,2023
primmieTLN,272,1.17,236.4,1.28,0.76,153.0,0.86,0.18,0.67,0.07,0.06,0.35,0.16,2025
kaajakFNC,215,1.16,245.0,1.3,0.69,157.9,0.89,0.21,0.68,0.15,0.16,0.37,0.23,2025
LuoK1ngTE,441,1.16,191.4,1.03,0.74,134.4,0.7,0.38,0.68,0.06,0.08,0.27,0.25,2023
MaKoDRX,1521,1.16,211.3,1.11,0.76,136.4,0.71,0.51,0.64,0.08,0.07,0.26,0.18,2023
s0mNRG,242,1.16,226.5,1.15,0.81,142.1,0.79,0.49,0.68,0.1,0.07,0.25,0.07,2025
trexxVIT,1055,1.16,219.2,1.11,0.76,146.0,0.75,0.43,0.67,0.09,0.07,0.2,0.14,2024
MeiyDFM,224,1.16,232.6,1.19,0.71,153.5,0.85,0.15,0.72,0.16,0.11,0.31,0.24,2025
trexxVIT,712,1.16,234.8,1.14,0.74,154.0,0.8,0.33,0.7,0.11,0.12,0.18,0.16,2023
primmieTLN,203,1.16,249.9,1.15,0.71,165.0,0.9,0.23,0.78,0.13,0.1,0.41,0.2,2024
MonyetRRQ,562,1.16,219.1,1.13,0.75,142.4,0.78,0.4,0.69,0.13,0.1,0.27,0.24,2023
ChaosME,425,1.16,236.8,1.1,0.74,162.4,0.82,0.19,0.75,0.19,0.17,0.25,0.25,2023
LessVIT,1618,1.16,228.8,1.24,0.74,152.3,0.81,0.22,0.65,0.1,0.08,0.26,0.18,2023
dgzinLOUD,258,1.15,235.1,1.27,0.7,152.1,0.84,0.14,0.66,0.19,0.12,0.27,0.1,2025
KaronGEN,357,1.15,204.1,1.17,0.76,133.3,0.72,0.45,0.61,0.05,0.07,0.31,0.15,2025
invyTS,897,1.15,206.3,1.11,0.76,137.8,0.75,0.46,0.67,0.07,0.05,0.3,0.1,2024
Kr1stalGEXP,208,1.15,208.1,1.16,0.74,141.9,0.71,0.28,0.62,0.1,0.09,0.25,0.21,2025
DerkeVIT,474,1.15,254.8,1.19,0.7,165.8,0.89,0.18,0.75,0.23,0.2,0.26,0.17,2025
somethingPRX,849,1.15,222.4,1.25,0.76,140.6,0.81,0.21,0.65,0.18,0.12,0.23,0.19,2023
Demon1LEV,1502,1.15,226.0,1.25,0.72,152.2,0.83,0.17,0.67,0.15,0.1,0.36,0.14,2023
ChronicleFNC,1591,1.15,210.4,1.15,0.75,142.0,0.73,0.38,0.63,0.1,0.07,0.24,0.2,2024
MelserKRÜ,300,1.14,205.0,1.21,0.78,124.4,0.74,0.37,0.61,0.1,0.07,0.3,0.23,2025
ShaoNAVI,1311,1.14,194.0,1.17,0.76,129.0,0.7,0.32,0.6,0.07,0.05,0.35,0.21,2023
signedJJH,284,1.14,184.1,1.01,0.78,128.0,0.65,0.46,0.64,0.05,0.04,0.22,0.13,2023
YOUXLG,388,1.14,204.4,1.06,0.77,143.5,0.72,0.33,0.68,0.11,0.04,0.21,0.25,2023
LessVIT,1081,1.14,205.3,1.18,0.73,141.5,0.74,0.25,0.63,0.08,0.07,0.3,0.08,2024
Cryocells100T,1176,1.13,228.7,1.2,0.73,147.5,0.83,0.23,0.69,0.14,0.1,0.25,0.19,2024
Cryocells100T,224,1.13,224.4,1.16,0.79,149.5,0.79,0.27,0.68,0.13,0.07,0.29,0.14,2025
whzyToe,585,1.13,250.5,1.14,0.71,160.1,0.86,0.21,0.76,0.2,0.16,0.19,0.04,2023
keznitKRÜ,873,1.13,248.1,1.16,0.71,165.2,0.85,0.22,0.74,0.18,0.16,0.22,0.18,2023
SayfVIT,1293,1.13,225.4,1.19,0.7,146.6,0.81,0.22,0.68,0.13,0.13,0.28,0.13,2024
eeiu100T,1176,1.13,193.4,1.14,0.77,130.6,0.7,0.31,0.61,0.05,0.04,0.31,0.13,2024
JemkinRRQ,708,1.13,228.5,1.22,0.75,147.1,0.83,0.15,0.68,0.13,0.14,0.31,0.19,2024
AlfajerFNC,215,1.12,233.5,1.15,0.71,153.4,0.84,0.22,0.73,0.18,0.08,0.29,0.13,2025
leafG2,624,1.12,218.5,1.17,0.73,145.0,0.79,0.23,0.67,0.12,0.09,0.26,0.16,2025
t3xtureGEN,2405,1.12,236.7,1.2,0.71,152.6,0.84,0.16,0.7,0.19,0.14,0.27,0.18,2024
zekkenSEN,1720,1.12,254.4,1.18,0.72,163.7,0.88,0.22,0.74,0.22,0.17,0.24,0.16,2024
s0mNRG,215,1.12,224.7,1.13,0.78,143.6,0.77,0.45,0.68,0.09,0.07,0.27,0.19,2024
ChronicleFNC,1357,1.12,210.0,1.16,0.77,135.0,0.73,0.44,0.63,0.08,0.07,0.24,0.15,2023
s0mNRG,1437,1.12,204.9,1.16,0.77,130.9,0.75,0.39,0.65,0.08,0.07,0.25,0.18,2023
DerkeVIT,1357,1.12,252.2,1.24,0.71,164.1,0.87,0.18,0.7,0.24,0.19,0.24,0.16,2023
ErenTYL,287,1.11,215.7,1.08,0.77,151.7,0.78,0.32,0.73,0.1,0.08,0.27,0.06,2023
invyTS,891,1.11,209.9,1.06,0.74,135.4,0.75,0.47,0.71,0.08,0.07,0.31,0.18,2023
NiccDRG,325,1.11,208.9,0.99,0.76,144.0,0.69,0.4,0.7,0.1,0.05,0.24,0.25,2023
d4v41PRX,1332,1.11,196.5,1.12,0.77,130.3,0.7,0.41,0.63,0.06,0.05,0.27,0.15,2023
nAtsTL,1088,1.11,221.6,1.2,0.74,145.1,0.8,0.24,0.67,0.09,0.08,0.28,0.11,2023
CHICHOOEDG,1824,1.11,201.7,1.11,0.73,134.6,0.73,0.26,0.66,0.08,0.06,0.29,0.11,2024
SmoggyEDG,1824,1.11,204.0,1.13,0.75,135.1,0.73,0.36,0.65,0.08,0.08,0.28,0.14,2024
xfferoRRQ,645,1.11,212.8,1.09,0.74,134.1,0.74,0.32,0.68,0.09,0.06,0.23,0.13,2023
EliteKC,575,1.11,207.4,1.18,0.71,137.3,0.76,0.19,0.64,0.08,0.07,0.44,0.13,2024
IvyNS,381,1.1,189.4,1.14,0.78,122.3,0.71,0.33,0.63,0.07,0.04,0.31,0.21,2025
Fit1nhoBAR,973,1.1,216.5,1.14,0.75,144.0,0.79,0.22,0.69,0.17,0.13,0.28,0.11,2023
SayaplayerRC,1085,1.1,230.9,1.17,0.71,151.9,0.82,0.14,0.7,0.19,0.16,0.25,0.21,2023
GuranRA,216,1.1,206.7,1.05,0.75,126.8,0.71,0.51,0.68,0.07,0.07,0.23,0.21,2023
PersiaNS,381,1.1,194.4,1.08,0.78,127.0,0.69,0.45,0.64,0.06,0.06,0.28,0.21,2025
zekkenSEN,681,1.1,237.0,1.1,0.72,159.7,0.8,0.27,0.73,0.14,0.14,0.23,0.23,2023
nukkyeGX,973,1.1,207.3,1.09,0.73,141.7,0.72,0.32,0.66,0.08,0.07,0.22,0.15,2023
TenZSEN,1720,1.1,212.6,1.08,0.76,136.5,0.74,0.46,0.69,0.1,0.09,0.26,0.13,2024
kiNggLEV,1778,1.1,202.8,1.14,0.77,132.5,0.72,0.37,0.63,0.09,0.07,0.3,0.16,2024
AlfajerFNC,1591,1.1,218.6,1.17,0.73,146.1,0.78,0.2,0.67,0.11,0.09,0.3,0.12,2024
ZmjjKKEDG,1824,1.1,263.7,1.22,0.69,161.5,0.92,0.22,0.75,0.21,0.18,0.24,0.16,2024
sScaryBLD,652,1.1,208.5,1.09,0.77,135.9,0.73,0.38,0.67,0.08,0.06,0.26,0.13,2024
KaiTE,1428,1.1,216.1,1.15,0.7,143.4,0.79,0.18,0.69,0.15,0.13,0.29,0.04,2024
K4DAVRAM8,274,1.1,207.8,1.12,0.69,132.9,0.74,0.28,0.66,0.09,0.08,0.31,0.11,2024
KaronGEN,2405,1.1,197.1,1.1,0.76,128.3,0.71,0.41,0.65,0.08,0.06,0.32,0.16,2024
OXYC9,822,1.09,259.4,1.11,0.71,166.9,0.9,0.19,0.81,0.22,0.18,0.29,0.14,2024
grubinhoMKOI,740,1.09,197.5,1.07,0.75,126.1,0.7,0.35,0.65,0.08,0.08,0.34,0.12,2024
RieNsTH,2367,1.09,205.8,1.09,0.76,138.4,0.72,0.35,0.66,0.08,0.06,0.37,0.16,2024
keznitKRÜ,1178,1.09,243.6,1.14,0.71,162.7,0.84,0.21,0.74,0.19,0.15,0.26,0.1,2024
CloudGX,973,1.09,219.1,1.11,0.75,142.7,0.77,0.28,0.69,0.11,0.1,0.3,0.2,2023
LilCrazyDYG,216,1.09,232.7,1.17,0.68,145.2,0.85,0.12,0.72,0.18,0.17,0.32,0.22,2023
hoodyFKS,973,1.09,207.2,1.06,0.73,138.4,0.72,0.34,0.68,0.09,0.09,0.25,0.1,2023
sociablEEBBL,244,1.09,228.5,1.12,0.73,144.8,0.8,0.2,0.72,0.11,0.13,0.22,0.14,2025
LumoSZ,358,1.09,197.7,1.09,0.76,126.2,0.7,0.37,0.64,0.06,0.05,0.22,0.25,2023
leafG2,891,1.09,236.3,1.1,0.71,153.5,0.82,0.25,0.74,0.19,0.18,0.23,0.23,2023
FrancisNS,381,1.08,214.3,1.04,0.75,141.9,0.73,0.37,0.7,0.08,0.07,0.23,0.11,2025
crashiesFNC,1437,1.08,195.0,1.08,0.77,128.1,0.69,0.4,0.64,0.06,0.07,0.27,0.2,2023
somethingPRX,1798,1.08,219.0,1.12,0.73,140.5,0.78,0.22,0.69,0.17,0.13,0.26,0.13,2024
JremyTS,897,1.08,240.9,1.12,0.74,154.9,0.81,0.2,0.73,0.23,0.21,0.24,0.15,2024
d4v41PRX,1798,1.08,199.1,1.06,0.76,133.1,0.7,0.38,0.66,0.07,0.06,0.29,0.16,2024
sheydosMKOI,712,1.08,186.4,1.09,0.73,124.1,0.7,0.25,0.64,0.05,0.05,0.27,0.17,2023
baluaGA,288,1.08,220.8,1.05,0.78,141.5,0.75,0.44,0.71,0.07,0.08,0.23,0.16,2023
free1ngDRX,511,1.08,213.6,1.15,0.74,140.2,0.77,0.24,0.67,0.11,0.08,0.29,0.15,2025
EstrellaRRQ,269,1.08,181.4,1.04,0.77,122.0,0.64,0.46,0.62,0.06,0.07,0.31,0.2,2025
Cryocells100T,752,1.08,224.1,1.08,0.71,143.9,0.78,0.25,0.73,0.18,0.16,0.21,0.08,2023
EthanNRG,1659,1.08,196.1,1.01,0.77,124.6,0.67,0.55,0.66,0.07,0.06,0.2,0.2,2023
ZmjjKKEDG,1002,1.08,267.1,1.31,0.69,155.9,0.95,0.17,0.72,0.19,0.16,0.19,0.14,2023
SUYGETSUKC,1311,1.08,198.1,1.14,0.73,134.5,0.72,0.21,0.64,0.08,0.06,0.33,0.12,2023
pANcadaLOUD,258,1.08,198.6,1.06,0.75,131.9,0.7,0.32,0.66,0.08,0.06,0.38,0.06,2025
FlashbackDRX,961,1.07,213.1,1.12,0.71,139.4,0.76,0.23,0.68,0.1,0.08,0.3,0.19,2024
MeiyDFM,620,1.07,246.2,1.08,0.69,160.4,0.87,0.15,0.8,0.21,0.18,0.26,0.12,2024
nataNkLEV,564,1.07,229.6,1.07,0.7,150.4,0.79,0.24,0.73,0.15,0.14,0.26,0.39,2024
bangSEN,1176,1.07,203.9,1.09,0.75,129.9,0.71,0.31,0.65,0.1,0.1,0.33,0.12,2024
DerkeVIT,1591,1.07,236.5,1.16,0.71,155.5,0.83,0.19,0.72,0.17,0.16,0.25,0.22,2024
cNedFUT,1325,1.07,227.1,1.09,0.72,151.6,0.8,0.17,0.73,0.16,0.15,0.26,0.07,2024
sheydosMKOI,740,1.07,181.3,1.13,0.75,122.3,0.67,0.17,0.6,0.05,0.05,0.26,0.15,2024
RossyLEV,933,1.07,205.7,1.06,0.75,132.5,0.71,0.35,0.67,0.07,0.07,0.26,0.18,2024
heatFUR,1068,1.07,196.7,1.07,0.74,129.3,0.73,0.36,0.69,0.07,0.09,0.33,0.14,2024
HYUNMINDRX,511,1.07,236.0,1.1,0.73,156.3,0.83,0.17,0.76,0.21,0.13,0.3,0.06,2025
iZuT1,1000,1.07,195.4,1.13,0.74,128.3,0.71,0.22,0.63,0.09,0.09,0.29,0.21,2025
keznitKRÜ,300,1.07,225.5,1.15,0.74,142.7,0.79,0.18,0.68,0.18,0.15,0.22,0.23,2025
MunchkinGEN,357,1.07,208.6,1.07,0.75,137.7,0.7,0.36,0.66,0.11,0.09,0.25,0.07,2025
valynG2,624,1.07,189.4,1.07,0.75,123.3,0.68,0.42,0.64,0.08,0.07,0.23,0.21,2025
t3xtureGEN,542,1.07,218.8,1.11,0.72,139.7,0.79,0.15,0.71,0.14,0.11,0.28,0.15,2023
xenomMIBR,414,1.07,187.7,1.09,0.76,121.3,0.69,0.41,0.63,0.06,0.07,0.3,0.18,2025
BuZzT1,1000,1.07,237.5,1.1,0.71,152.6,0.81,0.22,0.74,0.19,0.15,0.19,0.2,2025
BuZzT1,1485,1.07,227.2,1.1,0.72,145.5,0.78,0.23,0.71,0.15,0.15,0.22,0.17,2023
CHICHOOEDG,1002,1.07,202.9,1.12,0.74,134.2,0.71,0.29,0.63,0.06,0.06,0.23,0.2,2023
AAAAYFPX,484,1.07,202.6,1.01,0.74,139.8,0.73,0.28,0.72,0.01,0.08,0.35,0.14,2023
eeiu100T,224,1.07,191.8,1.16,0.77,126.0,0.75,0.28,0.64,0.05,0.04,0.38,0.11,2025
Wild0reooTS,290,1.06,199.7,1.08,0.74,132.4,0.73,0.31,0.68,0.08,0.07,0.34,0.18,2024
leafG2,1816,1.06,218.8,1.07,0.7,146.7,0.76,0.22,0.71,0.13,0.12,0.23,0.19,2024
marteenKC,1205,1.06,221.8,1.09,0.73,147.2,0.78,0.21,0.71,0.17,0.15,0.26,0.22,2024
pANcadaLOUD,299,1.06,192.1,1.06,0.71,128.9,0.69,0.34,0.65,0.07,0.08,0.37,0.19,2024
Wo0tTH,1869,1.06,217.0,1.08,0.75,140.7,0.75,0.32,0.69,0.13,0.11,0.35,0.16,2024
f0rsakeNPRX,1798,1.06,208.8,1.06,0.74,136.2,0.74,0.38,0.7,0.09,0.11,0.3,0.15,2024
yetujeyFUT,1325,1.06,200.1,1.08,0.71,132.1,0.71,0.23,0.65,0.1,0.1,0.26,0.15,2024
DerrekEG,632,1.06,195.6,1.03,0.71,131.4,0.71,0.28,0.69,0.06,0.04,0.35,0.15,2024
LessVIT,474,1.06,196.6,1.09,0.7,127.6,0.71,0.31,0.65,0.05,0.08,0.3,0.27,2025
trexxVIT,474,1.06,200.1,1.01,0.72,131.2,0.65,0.41,0.65,0.07,0.05,0.18,0.14,2025
MaKoDRX,511,1.06,196.0,1.02,0.77,130.0,0.67,0.45,0.66,0.08,0.09,0.25,0.2,2025
TwistenVIT,667,1.06,226.5,1.11,0.67,146.6,0.81,0.16,0.73,0.17,0.16,0.23,0.16,2023
cNedFUT,1311,1.06,225.5,1.1,0.72,147.8,0.79,0.2,0.72,0.15,0.15,0.26,0.1,2023
k1NgT1,891,1.06,208.5,1.07,0.72,140.0,0.74,0.23,0.69,0.09,0.09,0.26,0.16,2023
QutionerXEF,578,1.06,240.9,1.12,0.69,157.1,0.85,0.17,0.76,0.19,0.16,0.26,0.15,2023
Neal XBCS,211,1.06,216.9,1.06,0.74,139.1,0.79,0.17,0.74,0.14,0.14,0.23,0.22,2023
JitBoySTLN,944,1.06,202.2,1.04,0.73,134.0,0.72,0.3,0.7,0.08,0.08,0.37,0.16,2024
SugarZ3roZETA,884,1.06,193.9,1.03,0.75,125.1,0.7,0.46,0.68,0.05,0.07,0.25,0.1,2023
nzrMIBR,987,1.06,189.8,1.07,0.78,124.2,0.65,0.34,0.61,0.05,0.05,0.2,0.06,2023
happyweiXLG,282,1.06,234.2,1.09,0.72,150.0,0.81,0.18,0.74,0.16,0.12,0.29,0.19,2023
ChronicleFNC,215,1.06,195.8,1.1,0.7,131.1,0.69,0.35,0.63,0.07,0.08,0.24,0.06,2025
XiaoFeiNWG,282,1.06,209.0,1.03,0.7,138.1,0.73,0.31,0.71,0.07,0.09,0.38,0.32,2023
JingggPRX,1334,1.06,234.6,1.09,0.73,156.2,0.8,0.26,0.74,0.13,0.12,0.18,0.13,2023
JitBoySTLN,272,1.06,192.1,1.07,0.72,126.1,0.71,0.27,0.67,0.1,0.08,0.34,0.19,2025
MunchkinGEN,1085,1.05,209.6,1.08,0.69,141.2,0.73,0.21,0.67,0.1,0.12,0.22,0.15,2023
VictorNRG,1437,1.05,216.5,1.07,0.75,139.6,0.74,0.29,0.69,0.13,0.11,0.21,0.19,2023
yosemiteFPX,585,1.05,206.7,1.04,0.73,133.3,0.73,0.28,0.7,0.1,0.08,0.23,0.19,2023
NiveraKC,671,1.05,209.6,1.1,0.71,133.7,0.76,0.25,0.69,0.15,0.1,0.3,0.15,2023
MaKoDRX,1333,1.05,200.0,1.03,0.75,133.0,0.69,0.38,0.67,0.08,0.09,0.29,0.15,2024
ShyyKRÜ,1178,1.05,197.8,1.09,0.7,137.5,0.72,0.22,0.66,0.07,0.08,0.27,0.2,2024
LazZETA,795,1.05,199.0,1.06,0.68,133.9,0.72,0.21,0.68,0.11,0.08,0.3,0.09,2024
johnqtSEN,1720,1.05,183.0,1.08,0.75,120.7,0.65,0.27,0.6,0.07,0.06,0.26,0.18,2024
ardiisNAVI,760,1.05,212.0,1.04,0.72,139.4,0.77,0.33,0.73,0.13,0.12,0.22,0.21,2024
valynG2,1816,1.05,196.3,1.02,0.76,124.2,0.7,0.36,0.69,0.09,0.08,0.24,0.18,2024
AutumnFPX,1673,1.05,208.1,1.07,0.7,135.8,0.73,0.26,0.69,0.11,0.07,0.3,0.19,2024
BuZzT1,1333,1.05,237.8,1.11,0.71,150.5,0.82,0.16,0.74,0.18,0.17,0.22,0.22,2024
JingggPRX,205,1.05,209.7,1.09,0.72,139.0,0.73,0.24,0.67,0.11,0.13,0.23,0.11,2025
CyahCats,425,1.05,177.4,0.9,0.77,120.6,0.64,0.38,0.71,0.06,0.06,0.37,0.1,2023
benjyfishyTH,2367,1.05,198.1,1.12,0.71,132.6,0.74,0.19,0.66,0.09,0.09,0.35,0.17,2024
JingggPRX,1241,1.05,225.7,1.08,0.74,148.7,0.78,0.27,0.72,0.13,0.12,0.21,0.17,2024
hiroNAVI,732,1.05,190.6,1.1,0.72,123.5,0.69,0.31,0.63,0.07,0.09,0.29,0.23,2024
MunchkinGEN,2405,1.05,189.6,1.0,0.74,125.7,0.64,0.44,0.64,0.07,0.09,0.22,0.15,2024
f0rsakeNPRX,205,1.05,223.7,1.07,0.72,148.6,0.8,0.32,0.75,0.1,0.15,0.34,0.07,2025
PROFEKBBL,244,1.05,200.7,1.07,0.68,133.8,0.74,0.31,0.69,0.06,0.07,0.3,0.28,2025
tuyzLOUD,1081,1.04,180.5,1.04,0.72,120.9,0.66,0.34,0.64,0.06,0.07,0.3,0.14,2024
MeteorT1,2405,1.04,219.9,1.14,0.71,145.2,0.79,0.16,0.7,0.12,0.09,0.3,0.1,2024
trentG2,1816,1.04,191.5,0.96,0.73,129.1,0.65,0.33,0.68,0.08,0.08,0.27,0.18,2024
xfferoRRQ,708,1.04,209.1,1.07,0.72,136.3,0.74,0.24,0.69,0.09,0.08,0.31,0.2,2024
cauanzinLOUD,1618,1.04,205.3,1.04,0.75,130.0,0.72,0.39,0.69,0.1,0.08,0.24,0.16,2023
CoreXG,441,1.04,185.5,1.06,0.81,122.1,0.69,0.35,0.65,0.03,0.03,0.24,0.05,2023
LinkALG,382,1.04,202.8,1.03,0.76,135.5,0.71,0.26,0.69,0.08,0.1,0.25,0.11,2023
xetaT1,1085,1.04,191.9,0.99,0.76,123.9,0.65,0.36,0.66,0.06,0.06,0.22,0.15,2023
DaveeySKRÜ,810,1.04,187.7,1.03,0.72,124.7,0.67,0.29,0.65,0.09,0.09,0.26,0.18,2023
ZoomerCCG,342,1.04,190.9,1.03,0.76,125.1,0.7,0.35,0.68,0.08,0.06,0.3,0.24,2023
nAtsTL,648,1.04,213.0,1.09,0.71,139.8,0.75,0.25,0.69,0.1,0.09,0.28,0.11,2025
johnqtSEN,527,1.04,182.6,1.0,0.74,123.7,0.65,0.26,0.65,0.06,0.05,0.25,0.07,2025
SayaplayerRC,1065,1.04,211.1,1.08,0.72,139.5,0.77,0.14,0.71,0.17,0.14,0.27,0.13,2024
MrFaliNFUT,1325,1.04,189.6,0.96,0.74,124.8,0.65,0.43,0.68,0.08,0.08,0.23,0.15,2024
nzrMIBR,465,1.04,194.8,0.98,0.71,133.3,0.69,0.29,0.7,0.03,0.03,0.26,0.14,2024
ShaoNAVI,760,1.04,191.8,1.01,0.74,129.5,0.68,0.37,0.68,0.08,0.08,0.31,0.2,2024
DepZETA,884,1.04,232.4,1.09,0.7,149.2,0.82,0.16,0.75,0.18,0.15,0.25,0.14,2023
C0MLEV,1659,1.03,187.1,1.02,0.73,123.0,0.66,0.35,0.64,0.07,0.07,0.21,0.19,2023
qw1GAL,1091,1.03,220.4,1.13,0.67,139.8,0.8,0.13,0.71,0.2,0.17,0.25,0.16,2023
RevivalXLG,211,1.03,203.3,1.06,0.73,141.6,0.78,0.25,0.73,0.07,0.07,0.21,0.16,2023
ardiisNAVI,1437,1.03,217.7,1.08,0.73,143.5,0.75,0.24,0.69,0.18,0.14,0.19,0.12,2023
Asuna100T,224,1.03,229.5,1.03,0.72,152.5,0.76,0.29,0.74,0.22,0.18,0.24,0.39,2025
ceNderVIT,667,1.03,208.2,1.03,0.69,140.6,0.72,0.21,0.7,0.09,0.08,0.28,0.14,2023
purp0GX,538,1.03,215.4,1.02,0.68,144.2,0.75,0.16,0.74,0.19,0.15,0.34,0.08,2024
EthanNRG,632,1.03,206.1,1.01,0.76,130.1,0.7,0.44,0.69,0.08,0.08,0.21,0.16,2024
2GETS,330,1.03,186.3,1.03,0.73,120.6,0.67,0.32,0.65,0.07,0.08,0.3,0.21,2024
nAtsTL,683,1.03,210.4,1.08,0.73,140.9,0.75,0.25,0.69,0.08,0.1,0.29,0.14,2024
Asuna100T,752,1.03,204.2,0.95,0.73,134.4,0.69,0.4,0.73,0.09,0.1,0.2,0.13,2023
Strawberrycc4AM,358,1.03,243.2,1.04,0.68,154.5,0.82,0.18,0.79,0.23,0.2,0.2,0.09,2023
KeikoTL,683,1.03,218.5,1.1,0.69,143.9,0.8,0.16,0.73,0.18,0.16,0.31,0.13,2024
dgzinLOUD,810,1.02,224.2,1.08,0.71,138.7,0.79,0.14,0.73,0.22,0.17,0.27,0.17,2023
ICEKINGTYL,388,1.02,195.2,0.91,0.8,146.7,0.67,0.5,0.74,0.07,0.09,0.22,0.07,2023
2GETS,464,1.02,173.1,0.97,0.75,115.4,0.63,0.45,0.65,0.03,0.06,0.27,0.15,2023
foxzXGOD,700,1.02,196.2,0.98,0.71,132.4,0.68,0.35,0.69,0.07,0.08,0.26,0.12,2023
JamppiBBL,1088,1.02,200.7,1.05,0.69,128.6,0.71,0.3,0.68,0.08,0.09,0.25,0.26,2023
ZyppanM8,1311,1.02,199.5,1.0,0.74,133.5,0.7,0.37,0.7,0.09,0.08,0.32,0.15,2023
ShyyKRÜ,987,1.02,191.4,1.01,0.72,132.6,0.67,0.25,0.66,0.09,0.06,0.22,0.1,2023
ZellsisSEN,891,1.02,184.5,1.01,0.73,124.2,0.65,0.27,0.64,0.07,0.08,0.19,0.2,2023
mwzeraFUR,810,1.02,211.4,1.0,0.73,142.1,0.72,0.32,0.71,0.08,0.1,0.2,0.17,2023
LazZETA,884,1.02,187.4,1.04,0.72,124.8,0.67,0.27,0.64,0.09,0.07,0.26,0.14,2023
XeppaaC9,211,1.02,207.7,1.01,0.72,138.3,0.74,0.26,0.73,0.08,0.07,0.23,0.24,2025
bangSEN,527,1.02,192.6,0.99,0.75,123.5,0.67,0.39,0.68,0.09,0.09,0.34,0.2,2025
cauanzinLOUD,1081,1.02,210.1,1.03,0.73,134.6,0.74,0.3,0.72,0.12,0.09,0.28,0.09,2024
ScreaMKC,671,1.02,225.2,1.01,0.7,151.4,0.78,0.23,0.77,0.2,0.16,0.3,0.08,2023
MeteorT1,891,1.02,227.5,1.05,0.7,148.9,0.79,0.19,0.75,0.19,0.16,0.24,0.14,2023
gagaaaaDYG,216,1.02,197.9,1.01,0.69,134.6,0.68,0.3,0.67,0.06,0.07,0.22,0.21,2023
MazinoKRÜ,1778,1.02,205.6,1.02,0.74,134.6,0.73,0.4,0.71,0.08,0.09,0.28,0.16,2024
staxT1,773,1.02,181.9,0.98,0.74,115.9,0.63,0.47,0.64,0.06,0.08,0.28,0.12,2024
CloudGX,662,1.02,199.2,0.98,0.71,134.7,0.7,0.31,0.71,0.07,0.07,0.24,0.12,2024
kamykM8,648,1.02,197.0,1.04,0.74,129.4,0.69,0.27,0.67,0.08,0.07,0.26,0.13,2025
jawgemoG2,624,1.02,219.1,1.05,0.72,140.9,0.77,0.28,0.73,0.16,0.16,0.21,0.28,2025
DepZETA,795,1.02,232.1,1.06,0.69,150.5,0.81,0.18,0.76,0.19,0.17,0.27,0.13,2024
Asuna100T,1176,1.01,213.1,1.01,0.75,136.4,0.72,0.36,0.72,0.13,0.14,0.19,0.16,2024
zekkenSEN,527,1.01,215.9,1.07,0.71,141.9,0.76,0.21,0.71,0.18,0.2,0.24,0.15,2025
AkameDFM,224,1.01,203.1,0.96,0.75,131.5,0.69,0.3,0.72,0.11,0.09,0.32,0.12,2025
runiC9,802,1.01,181.2,0.95,0.74,122.4,0.64,0.35,0.67,0.06,0.05,0.26,0.17,2023
AboTYL,441,1.01,214.2,1.02,0.72,142.8,0.74,0.23,0.73,0.2,0.12,0.36,0.17,2023
KhalilFUR,810,1.01,178.6,1.0,0.75,120.6,0.64,0.28,0.64,0.05,0.05,0.26,0.11,2023
f0rsakeNPRX,1352,1.01,216.3,1.03,0.72,142.2,0.75,0.29,0.73,0.14,0.12,0.26,0.12,2023
SmoggyEDG,730,1.01,202.3,1.07,0.74,124.6,0.72,0.44,0.67,0.1,0.06,0.3,0.2,2025
JonahPG2,624,1.01,184.1,0.97,0.78,118.0,0.65,0.47,0.67,0.07,0.07,0.25,0.12,2025
ZmjjKKEDG,730,1.01,257.0,1.17,0.7,151.0,0.9,0.21,0.77,0.21,0.22,0.23,0.04,2025
N4RRATESEN,527,1.01,195.3,0.95,0.75,129.2,0.67,0.39,0.71,0.08,0.07,0.24,0.24,2025
BORKUMTS,607,1.01,188.5,0.98,0.72,121.6,0.66,0.38,0.67,0.09,0.06,0.22,0.17,2024
MiniBooTH,1875,1.01,221.1,1.03,0.71,144.2,0.76,0.22,0.75,0.17,0.17,0.3,0.17,2024
qRaxsFUT,1325,1.01,188.5,0.98,0.72,122.8,0.68,0.35,0.69,0.06,0.06,0.28,0.18,2024
XeppaaC9,891,1.01,206.6,0.99,0.73,133.7,0.72,0.36,0.73,0.08,0.09,0.24,0.16,2023
BazziGE,562,1.01,192.0,0.92,0.77,123.5,0.64,0.47,0.69,0.06,0.04,0.17,0.13,2023
PatiphanTLN,527,1.01,210.4,1.02,0.67,139.7,0.74,0.32,0.73,0.09,0.11,0.26,0.12,2023
SylvanT1,557,1.01,190.8,0.94,0.73,123.3,0.66,0.42,0.71,0.09,0.07,0.26,0.15,2023
ZellsisSEN,1720,1.01,185.6,0.99,0.74,120.5,0.64,0.38,0.64,0.06,0.08,0.2,0.15,2024
SmoggyEDG,1002,1.0,198.0,1.07,0.73,130.9,0.73,0.24,0.68,0.09,0.08,0.31,0.14,2023
MonyetRRQ,331,1.0,185.7,1.05,0.74,119.9,0.67,0.32,0.64,0.07,0.1,0.29,0.22,2025
PapiGEXP,208,1.0,169.8,1.02,0.75,108.9,0.63,0.34,0.62,0.07,0.04,0.38,0.22,2025
SylvanT1,658,1.0,184.9,0.95,0.77,117.3,0.62,0.6,0.66,0.07,0.07,0.26,0.17,2025
somethingPRX,205,1.0,201.5,1.02,0.7,126.6,0.71,0.23,0.7,0.13,0.14,0.25,0.16,2025
SUYGETSUKC,760,1.0,184.9,1.01,0.72,125.7,0.66,0.21,0.65,0.07,0.06,0.33,0.12,2024
JessieVashTS,897,1.0,188.9,1.01,0.71,126.9,0.66,0.3,0.65,0.07,0.07,0.26,0.16,2024
SugarZ3roZETA,795,1.0,186.8,0.97,0.73,121.6,0.67,0.38,0.69,0.04,0.07,0.33,0.09,2024
BORKUMTS,908,1.0,181.2,0.92,0.74,117.9,0.62,0.47,0.68,0.06,0.08,0.2,0.18,2023
monkAG,267,1.0,198.1,0.95,0.68,153.8,0.66,0.28,0.7,0.09,0.05,0.2,0.21,2023
MOLSIAPK,667,1.0,190.2,0.95,0.72,127.3,0.67,0.37,0.71,0.08,0.07,0.24,0.08,2023
yomanGEN,304,1.0,172.1,1.0,0.74,108.5,0.61,0.31,0.61,0.06,0.06,0.3,0.06,2025
supamenEG,632,1.0,197.4,0.97,0.71,128.2,0.7,0.29,0.72,0.1,0.12,0.39,0.15,2024
staxT1,1000,1.0,170.6,0.97,0.73,117.6,0.61,0.37,0.63,0.05,0.05,0.28,0.14,2025
jawgemoG2,1659,0.99,213.0,1.0,0.73,138.1,0.73,0.32,0.73,0.12,0.13,0.19,0.16,2023
EmmanZOL,205,0.99,192.5,0.92,0.76,129.7,0.68,0.32,0.74,0.09,0.08,0.33,0.17,2023
RbTEC,1521,0.99,186.9,1.0,0.72,122.5,0.66,0.27,0.66,0.09,0.08,0.25,0.21,2023
garnetSNKT,620,0.99,224.8,1.02,0.7,146.5,0.77,0.15,0.75,0.19,0.15,0.24,0.11,2023
AtaKaptanFUT,1053,0.99,189.4,0.96,0.73,121.5,0.66,0.42,0.69,0.07,0.09,0.28,0.2,2023
qRaxsFUT,1091,0.99,196.1,0.95,0.75,128.5,0.69,0.42,0.72,0.07,0.07,0.29,0.12,2023
jakeeYFP,802,0.99,190.8,0.95,0.74,125.0,0.68,0.37,0.71,0.09,0.09,0.3,0.24,2023
KhalilFUR,555,0.99,182.6,0.95,0.71,124.7,0.66,0.26,0.7,0.05,0.07,0.3,0.17,2024
ZyppanM8,760,0.99,215.3,1.0,0.71,144.6,0.75,0.3,0.75,0.12,0.13,0.29,0.08,2024
mindfreakPRX,1798,0.99,180.6,1.0,0.73,118.7,0.66,0.32,0.65,0.05,0.06,0.34,0.13,2024
JonahPG2,1816,0.99,191.5,0.96,0.72,123.2,0.66,0.38,0.69,0.07,0.09,0.26,0.16,2024
LmemoreRRQ,708,0.99,205.1,0.98,0.67,137.5,0.72,0.21,0.73,0.1,0.13,0.34,0.16,2024
frzLOS,474,0.99,189.4,0.97,0.66,126.2,0.68,0.19,0.69,0.08,0.12,0.28,0.2,2024
logaNDVM,290,0.99,181.7,0.98,0.68,119.4,0.63,0.19,0.65,0.06,0.09,0.32,0.04,2024
QutionerXEF,575,0.99,230.0,1.0,0.71,153.0,0.79,0.19,0.79,0.2,0.14,0.26,0.09,2024
S1MonEDG,777,0.99,168.4,0.94,0.76,111.8,0.6,0.46,0.64,0.05,0.04,0.29,0.2,2024
t3xtureGEN,357,0.99,220.8,1.09,0.64,141.2,0.8,0.15,0.74,0.17,0.22,0.25,0.17,2025
MeteorT1,1000,0.99,217.4,1.04,0.69,144.9,0.77,0.2,0.74,0.14,0.12,0.31,0.11,2025
BeYNDRX,511,0.99,167.0,0.93,0.75,109.4,0.58,0.4,0.62,0.05,0.05,0.25,0.15,2025
kamoTL,648,0.98,218.6,1.04,0.69,143.8,0.77,0.15,0.74,0.17,0.16,0.27,0.15,2025
ZellsisSEN,527,0.98,195.9,0.94,0.7,126.5,0.66,0.34,0.71,0.07,0.1,0.23,0.09,2025
KicksVIT,474,0.98,185.4,0.97,0.76,116.4,0.65,0.42,0.68,0.07,0.08,0.28,0.2,2025
Foxy9GEN,551,0.98,227.1,1.06,0.69,143.4,0.78,0.17,0.73,0.22,0.21,0.25,0.13,2023
nosWBG,342,0.98,171.1,0.88,0.74,103.4,0.6,0.39,0.68,0.08,0.06,0.3,0.38,2023
blaZek1ngGE,631,0.98,189.8,0.95,0.69,128.3,0.66,0.23,0.7,0.09,0.07,0.31,0.12,2024
iZuT1,1065,0.98,206.9,0.98,0.72,136.2,0.73,0.3,0.74,0.12,0.12,0.26,0.18,2024
BabyblueJDG,296,0.98,232.0,0.99,0.72,151.8,0.78,0.32,0.79,0.17,0.17,0.25,0.19,2023
bangSEN,752,0.98,189.8,0.95,0.73,125.1,0.68,0.37,0.71,0.08,0.1,0.32,0.2,2023
MrFaliNFUT,1091,0.98,189.2,0.94,0.71,122.8,0.66,0.38,0.71,0.07,0.1,0.23,0.17,2023
SacySEN,681,0.98,191.6,0.94,0.71,126.9,0.67,0.35,0.71,0.08,0.08,0.3,0.1,2023
SacySEN,1720,0.98,181.7,0.92,0.73,122.5,0.61,0.4,0.67,0.06,0.08,0.26,0.15,2024
Foxy9GEN,304,0.97,194.5,1.03,0.66,125.3,0.69,0.16,0.67,0.08,0.08,0.34,0.21,2025
v1cC9,211,0.97,165.8,0.89,0.72,108.8,0.59,0.45,0.66,0.07,0.07,0.24,0.23,2025
BooTH,2367,0.97,173.4,0.95,0.73,111.2,0.62,0.41,0.65,0.08,0.08,0.31,0.14,2024
carpeT1,342,0.97,175.5,0.86,0.74,114.5,0.61,0.51,0.7,0.07,0.06,0.33,0.15,2025
BeYNDRX,1200,0.97,176.3,0.93,0.74,117.7,0.62,0.31,0.67,0.06,0.08,0.27,0.23,2024
KicksVIT,1293,0.97,179.5,0.92,0.72,116.2,0.64,0.4,0.69,0.05,0.07,0.22,0.19,2024
Demon1LEV,417,0.97,208.2,0.97,0.71,141.9,0.72,0.18,0.74,0.18,0.17,0.35,0.1,2024
AtaKaptanFUT,1325,0.97,191.0,0.94,0.72,121.9,0.66,0.38,0.71,0.08,0.12,0.27,0.12,2024
VictorNRG,632,0.97,213.1,1.05,0.69,139.7,0.75,0.18,0.72,0.14,0.15,0.26,0.1,2024
artzinMIBR,699,0.97,211.5,0.96,0.67,139.2,0.73,0.2,0.77,0.13,0.14,0.26,0.17,2024
runiC9,660,0.97,176.9,0.95,0.72,122.8,0.63,0.28,0.66,0.06,0.06,0.34,0.14,2024
XeppaaC9,822,0.97,189.0,0.89,0.76,124.8,0.63,0.44,0.71,0.07,0.09,0.26,0.21,2024
jawgemoG2,632,0.97,225.9,0.96,0.66,150.2,0.76,0.21,0.79,0.17,0.15,0.22,0.12,2024
neTC9,300,0.97,198.5,1.0,0.68,131.1,0.7,0.18,0.69,0.07,0.06,0.39,0.08,2024
mindfreakPRX,1352,0.97,169.3,0.96,0.73,109.3,0.61,0.38,0.64,0.05,0.07,0.27,0.17,2023
XXXTACONOP,211,0.97,194.3,0.93,0.73,124.6,0.71,0.38,0.76,0.11,0.11,0.27,0.05,2023
Boostio100T,1659,0.97,204.3,0.99,0.7,136.9,0.71,0.22,0.71,0.11,0.12,0.23,0.14,2023
RgLMeisterRED,554,0.97,180.6,0.9,0.73,120.0,0.63,0.39,0.71,0.05,0.05,0.22,0.15,2023
ZenoDRG,325,0.97,182.9,0.87,0.77,115.2,0.62,0.43,0.71,0.08,0.06,0.2,0.07,2023
BoasterFNC,1357,0.97,170.2,0.94,0.76,105.1,0.59,0.44,0.63,0.08,0.09,0.19,0.33,2023
TenZSEN,507,0.97,204.3,0.97,0.68,134.0,0.7,0.3,0.73,0.15,0.17,0.21,0.17,2023
tuyzLOUD,1618,0.97,166.6,0.94,0.75,108.9,0.6,0.43,0.64,0.05,0.06,0.28,0.17,2023
fl1pzjderRRQ,645,0.97,187.5,0.88,0.73,120.1,0.63,0.48,0.71,0.08,0.1,0.26,0.17,2023
EJAYSZ,621,0.97,209.3,1.01,0.7,137.8,0.75,0.17,0.74,0.15,0.17,0.2,0.12,2023
LmemoreRRQ,645,0.97,206.6,0.99,0.68,138.8,0.73,0.18,0.73,0.12,0.12,0.33,0.09,2023
DubstePOAS,908,0.97,196.0,1.0,0.68,132.4,0.7,0.15,0.7,0.13,0.15,0.26,0.17,2023
crashiesFNC,632,0.96,175.3,0.99,0.73,114.9,0.63,0.3,0.64,0.05,0.06,0.28,0.16,2024
C0MLEV,1778,0.96,174.7,0.9,0.73,119.7,0.59,0.32,0.66,0.08,0.08,0.22,0.14,2024
tomaszyGX,1205,0.96,184.8,0.95,0.72,126.2,0.65,0.29,0.68,0.08,0.08,0.33,0.14,2024
kamoTL,740,0.96,224.9,0.97,0.68,147.8,0.76,0.19,0.78,0.21,0.19,0.26,0.2,2024
FlashbackDRX,511,0.96,183.7,0.97,0.73,123.0,0.65,0.21,0.67,0.1,0.1,0.24,0.13,2025
xfferoRRQ,331,0.96,177.9,1.04,0.76,119.0,0.66,0.26,0.64,0.08,0.08,0.26,0.1,2025
cauanzinLOUD,258,0.96,211.2,0.96,0.65,140.1,0.71,0.23,0.73,0.12,0.14,0.27,0.23,2025
JremyTS,908,0.96,208.9,0.94,0.7,136.5,0.7,0.24,0.75,0.14,0.14,0.18,0.14,2023
TurkoS2G,578,0.96,165.4,0.91,0.74,110.9,0.6,0.37,0.66,0.05,0.06,0.31,0.13,2023
pANcadaLOUD,681,0.96,176.3,0.95,0.7,121.9,0.61,0.19,0.64,0.04,0.06,0.25,0.12,2023
nobodyEDG,1002,0.96,198.4,1.0,0.73,130.8,0.71,0.33,0.71,0.08,0.11,0.28,0.19,2023
SuggestGEN,368,0.96,203.5,0.93,0.71,135.8,0.71,0.25,0.76,0.12,0.12,0.29,0.05,2023
JitBoySTLN,596,0.96,186.0,0.95,0.71,123.4,0.67,0.29,0.7,0.06,0.1,0.3,0.12,2023
frzLOS,554,0.96,197.1,0.92,0.71,136.7,0.67,0.23,0.73,0.1,0.08,0.31,0.09,2023
MAGNUMBBL,1205,0.96,179.3,0.9,0.72,119.9,0.62,0.33,0.68,0.09,0.11,0.26,0.2,2024
ZestBLD,1006,0.96,178.6,0.94,0.71,116.5,0.64,0.31,0.68,0.06,0.09,0.32,0.18,2023
mooseLand,660,0.96,172.1,0.99,0.69,118.1,0.62,0.16,0.63,0.08,0.06,0.24,0.15,2024
jzzLOS,474,0.96,207.1,0.96,0.71,140.7,0.73,0.21,0.76,0.15,0.12,0.31,0.13,2024
XiaonuoRNG,284,0.96,175.2,0.93,0.72,117.7,0.63,0.24,0.68,0.05,0.07,0.28,0.14,2023
EstrellaRRQ,668,0.95,165.6,0.89,0.74,108.7,0.58,0.42,0.65,0.05,0.07,0.29,0.06,2024
RgLMeisterRED,474,0.95,173.5,0.9,0.72,119.3,0.63,0.35,0.7,0.05,0.05,0.29,0.17,2024
xccurateT1,1065,0.95,186.1,0.97,0.72,122.4,0.68,0.24,0.7,0.07,0.09,0.26,0.11,2024
JinboongDFM,224,0.95,176.5,0.94,0.69,117.2,0.63,0.2,0.67,0.06,0.12,0.34,0.11,2025
BoasterFNC,215,0.95,169.9,0.91,0.73,110.8,0.59,0.47,0.65,0.09,0.09,0.23,0.26,2025
VernoMIBR,224,0.95,170.3,0.96,0.76,118.1,0.62,0.26,0.65,0.05,0.07,0.33,0.11,2025
EthanNRG,242,0.95,188.3,0.9,0.71,121.0,0.63,0.42,0.7,0.05,0.08,0.25,0.21,2025
BiankTE,585,0.95,193.2,1.02,0.71,128.5,0.71,0.33,0.7,0.07,0.09,0.22,0.16,2023
ZccJJH,284,0.95,165.5,0.9,0.69,104.9,0.61,0.36,0.68,0.09,0.14,0.2,0.16,2023
starxoJL,712,0.95,182.4,0.9,0.71,120.8,0.65,0.4,0.72,0.07,0.1,0.21,0.12,2023
BraveEF,578,0.95,194.0,0.92,0.72,124.7,0.66,0.36,0.71,0.08,0.09,0.33,0.23,2023
MelserKRÜ,1178,0.95,176.0,0.93,0.71,116.8,0.62,0.31,0.67,0.08,0.1,0.32,0.16,2024
FengFTE,1428,0.95,230.3,1.12,0.67,145.1,0.79,0.2,0.71,0.14,0.13,0.29,0.15,2024
MarvedNRG,461,0.95,183.6,0.91,0.71,124.6,0.66,0.33,0.72,0.1,0.12,0.29,0.18,2023
YuicawWOL,484,0.95,200.7,0.92,0.66,130.2,0.7,0.18,0.76,0.13,0.18,0.26,0.08,2023
MOJJGAL,1091,0.95,188.4,0.94,0.68,128.2,0.66,0.21,0.7,0.08,0.08,0.28,0.16,2023
MazinoKRÜ,987,0.95,196.7,0.97,0.71,124.7,0.69,0.38,0.71,0.1,0.1,0.24,0.13,2023
MelserKRÜ,914,0.95,183.9,0.93,0.73,119.9,0.65,0.33,0.7,0.08,0.09,0.3,0.12,2023
DerrekEG,752,0.95,179.1,0.86,0.72,125.9,0.61,0.35,0.71,0.06,0.06,0.3,0.09,2023
sh1nDVM,671,0.95,183.0,0.91,0.7,117.3,0.64,0.31,0.7,0.08,0.07,0.3,0.19,2023
heatFUR,415,0.95,209.4,0.97,0.65,138.6,0.72,0.13,0.74,0.15,0.19,0.26,0.05,2023
AvovAAPK,551,0.95,177.2,0.87,0.7,114.3,0.63,0.36,0.73,0.06,0.09,0.25,0.12,2023
TSGEN,891,0.95,183.2,0.9,0.71,117.5,0.64,0.42,0.71,0.07,0.1,0.22,0.09,2023
zeekEP,319,0.94,199.2,0.88,0.65,132.9,0.68,0.26,0.77,0.1,0.11,0.26,0.27,2023
margaretNS,381,0.94,172.9,0.92,0.7,116.7,0.62,0.22,0.68,0.13,0.1,0.29,0.13,2025
JamppiBBL,244,0.94,189.0,0.88,0.74,127.9,0.64,0.34,0.73,0.05,0.08,0.29,0.23,2025
banTLN,944,0.94,193.6,0.95,0.67,128.7,0.69,0.23,0.72,0.12,0.11,0.33,0.09,2024
Foxy9GEN,1333,0.94,178.6,0.95,0.72,117.8,0.64,0.31,0.67,0.08,0.09,0.31,0.16,2024
starxoJL,740,0.94,180.3,0.91,0.71,117.5,0.62,0.42,0.69,0.07,0.11,0.23,0.18,2024
BraveEF,575,0.94,193.7,0.93,0.69,127.6,0.67,0.32,0.72,0.1,0.09,0.34,0.21,2024
NDGTS.AC,607,0.94,183.5,0.96,0.73,123.9,0.65,0.22,0.68,0.08,0.07,0.23,0.12,2024
mwzeraFUR,555,0.94,216.5,0.93,0.69,142.2,0.75,0.21,0.81,0.15,0.16,0.2,0.05,2024
nobodyEDG,730,0.94,193.9,1.05,0.71,123.9,0.69,0.23,0.66,0.09,0.09,0.3,0.04,2025
d4v41PRX,205,0.94,185.0,0.94,0.78,127.8,0.66,0.32,0.7,0.06,0.07,0.31,0.11,2025
runneRGX,1293,0.94,202.6,0.94,0.7,134.4,0.69,0.25,0.73,0.13,0.13,0.2,0.15,2024
jzzLOS,554,0.94,191.0,0.9,0.71,121.5,0.67,0.31,0.75,0.11,0.12,0.28,0.09,2023
AsLanM4shadoWS2G,578,0.94,199.1,0.95,0.68,134.2,0.71,0.19,0.74,0.07,0.11,0.26,0.19,2023
sh1nDVM,1205,0.93,166.0,0.91,0.75,106.3,0.6,0.38,0.66,0.06,0.07,0.29,0.11,2024
GovernorAPK,944,0.93,201.7,0.95,0.69,132.0,0.71,0.21,0.74,0.17,0.17,0.23,0.17,2024
PolviFMG,631,0.93,213.8,0.93,0.67,143.3,0.72,0.19,0.78,0.2,0.19,0.23,0.13,2024
Flex1nDRG,1039,0.93,193.8,1.02,0.73,119.5,0.67,0.43,0.66,0.07,0.08,0.36,0.15,2024
NaturEEG,632,0.93,176.7,0.85,0.71,116.2,0.61,0.37,0.72,0.06,0.06,0.31,0.13,2024
MarvedNRG,417,0.93,190.8,0.91,0.7,124.4,0.66,0.3,0.72,0.07,0.1,0.27,0.22,2024
adversoKRÜ,300,0.93,184.4,0.91,0.71,124.0,0.63,0.3,0.69,0.08,0.1,0.19,0.27,2025
paTiTekTL,648,0.93,167.1,0.89,0.74,111.8,0.58,0.38,0.65,0.08,0.07,0.25,0.11,2025
LewNBBL,244,0.93,205.3,0.98,0.66,132.8,0.73,0.19,0.75,0.16,0.23,0.36,0.13,2025
SayfVIT,474,0.93,187.7,0.98,0.7,120.2,0.66,0.24,0.68,0.08,0.09,0.24,0.14,2025
XuAN4AM,358,0.93,196.3,0.95,0.7,121.6,0.66,0.2,0.7,0.09,0.09,0.2,0.21,2023
AceKBG,358,0.93,174.4,0.91,0.74,114.4,0.64,0.35,0.7,0.08,0.08,0.34,0.17,2023
AnthemSZ,486,0.93,189.7,0.88,0.73,128.7,0.64,0.32,0.73,0.06,0.09,0.27,0.16,2023
nzrMIBR,373,0.93,172.3,0.86,0.69,118.8,0.58,0.33,0.67,0.04,0.03,0.27,0.08,2025
XJianKBG,296,0.93,172.2,0.88,0.76,111.3,0.6,0.4,0.68,0.06,0.08,0.24,0.16,2023
JessieVashTS,908,0.93,179.4,0.88,0.69,120.6,0.61,0.32,0.69,0.07,0.08,0.24,0.16,2023
texLEV,1778,0.93,193.9,0.99,0.71,129.1,0.69,0.2,0.69,0.1,0.12,0.32,0.13,2024
yuranSG,795,0.93,182.2,0.85,0.7,122.8,0.61,0.39,0.71,0.07,0.09,0.26,0.1,2024
CrwsTLN,700,0.92,185.6,0.86,0.7,122.9,0.62,0.39,0.72,0.08,0.09,0.24,0.18,2023
soulcasMKOI,1088,0.92,164.8,0.89,0.73,107.3,0.59,0.36,0.66,0.05,0.06,0.34,0.08,2023
cxyyAG,282,0.92,173.9,0.84,0.65,116.1,0.61,0.37,0.73,0.09,0.1,0.28,0.12,2023
SushiboysFS,357,0.92,187.5,0.92,0.68,126.3,0.66,0.19,0.72,0.08,0.1,0.22,0.15,2023
BenkaiGE,631,0.92,166.0,0.86,0.68,116.6,0.58,0.21,0.67,0.04,0.07,0.25,0.1,2024
nobodyEDG,1824,0.92,193.8,0.99,0.7,124.6,0.68,0.28,0.69,0.08,0.11,0.33,0.2,2024
ZestBLD,530,0.92,172.2,0.88,0.69,112.0,0.6,0.29,0.69,0.07,0.08,0.29,0.12,2024
FFsZYG,425,0.92,192.5,0.94,0.76,117.2,0.66,0.38,0.71,0.07,0.11,0.19,0.2,2023
DestrianKPI,667,0.92,173.8,0.85,0.71,112.8,0.59,0.42,0.69,0.06,0.1,0.24,0.09,2023
GodDeadIAM,843,0.92,175.1,0.81,0.73,113.1,0.58,0.52,0.71,0.06,0.09,0.2,0.15,2023
KaiTE,420,0.92,222.2,1.08,0.62,128.6,0.81,0.21,0.75,0.14,0.12,0.31,0.08,2025
HaodongTEC,1002,0.92,175.5,0.93,0.76,112.5,0.62,0.4,0.66,0.07,0.09,0.28,0.16,2023
staxT1,1521,0.92,177.1,0.87,0.71,114.1,0.61,0.43,0.7,0.05,0.08,0.28,0.13,2023
SurfTLN.AC,528,0.91,170.8,0.91,0.68,114.9,0.6,0.19,0.66,0.07,0.07,0.37,0.04,2024
RussVLT,631,0.91,181.4,0.87,0.71,116.8,0.64,0.38,0.73,0.09,0.09,0.37,0.19,2024
icyEG,1516,0.91,190.5,0.91,0.69,128.1,0.67,0.21,0.74,0.14,0.14,0.25,0.14,2024
Fit1nhoBAR,662,0.91,184.0,0.88,0.68,124.5,0.63,0.25,0.72,0.1,0.09,0.3,0.09,2024
EnzoMDR,683,0.91,170.9,0.86,0.68,115.6,0.56,0.31,0.65,0.05,0.07,0.19,0.07,2024
TakaSMDR,564,0.91,205.4,0.93,0.65,135.3,0.71,0.23,0.76,0.16,0.18,0.22,0.14,2024
JamppiBBL,683,0.91,190.0,0.9,0.71,123.8,0.66,0.27,0.73,0.1,0.11,0.32,0.13,2024
LightningfastVLT,631,0.91,179.9,0.86,0.69,116.7,0.63,0.32,0.73,0.08,0.07,0.33,0.15,2024
MonyetRRQ,885,0.91,198.4,0.88,0.7,132.1,0.68,0.32,0.78,0.12,0.16,0.26,0.19,2024
MazinoKRÜ,300,0.91,182.7,0.89,0.73,119.0,0.64,0.45,0.72,0.09,0.12,0.26,0.08,2025
OXYC9,211,0.91,227.0,0.93,0.67,149.5,0.79,0.18,0.84,0.16,0.19,0.24,0.25,2025
TENNNMRSH,884,0.91,201.8,0.93,0.71,133.9,0.69,0.18,0.74,0.13,0.15,0.23,0.18,2023
xmsDVM,671,0.91,165.8,0.87,0.69,117.2,0.59,0.24,0.68,0.06,0.06,0.3,0.1,2023
saadhakKC,1618,0.91,189.3,0.86,0.72,124.7,0.6,0.4,0.7,0.11,0.14,0.19,0.14,2023
mazinLOS,810,0.91,170.1,0.9,0.7,109.4,0.61,0.35,0.67,0.07,0.1,0.28,0.17,2023
stellarYFP,752,0.91,179.3,0.9,0.69,120.2,0.62,0.23,0.69,0.07,0.09,0.2,0.07,2023
barricadeDYG,282,0.91,181.7,0.92,0.65,117.8,0.67,0.14,0.73,0.07,0.1,0.27,0.13,2023
QuickLOS,743,0.91,180.9,0.91,0.67,122.8,0.63,0.23,0.69,0.07,0.09,0.27,0.15,2023
NagZ9ZG,865,0.91,167.9,0.87,0.69,115.2,0.57,0.25,0.65,0.08,0.06,0.21,0.14,2023
WolfenCGN,712,0.9,208.7,0.94,0.67,135.2,0.73,0.17,0.78,0.17,0.19,0.26,0.08,2023
banTLN,990,0.9,182.7,0.9,0.69,116.8,0.65,0.29,0.72,0.1,0.1,0.25,0.13,2023
carpeT1,1085,0.9,172.6,0.84,0.73,110.0,0.6,0.42,0.71,0.06,0.07,0.24,0.16,2023
takejDFM,469,0.9,177.6,0.85,0.71,115.7,0.62,0.34,0.73,0.09,0.09,0.34,0.16,2023
gyenDFM,224,0.9,168.4,0.88,0.67,109.6,0.61,0.29,0.69,0.08,0.07,0.31,0.1,2025
KnightBLG,585,0.9,182.7,0.86,0.7,123.1,0.63,0.3,0.73,0.06,0.13,0.28,0.13,2023
yyyDYG,216,0.9,177.4,0.88,0.68,121.1,0.63,0.18,0.72,0.08,0.09,0.25,0.05,2023
SSeeSDFM,620,0.9,164.0,0.82,0.7,105.6,0.58,0.36,0.71,0.05,0.07,0.35,0.15,2024
RetlaRVL,530,0.9,174.1,0.93,0.7,116.1,0.63,0.19,0.68,0.05,0.06,0.26,0.16,2024
saadhakKC,1081,0.9,191.1,0.85,0.71,126.9,0.62,0.37,0.73,0.09,0.13,0.2,0.14,2024
hoodyFKS,662,0.9,173.0,0.86,0.68,118.9,0.6,0.26,0.7,0.08,0.1,0.26,0.09,2024
MedusaSZ,620,0.9,183.1,0.89,0.68,123.2,0.64,0.2,0.72,0.1,0.12,0.3,0.12,2024
MisticFKS,683,0.9,175.1,0.88,0.73,116.8,0.62,0.33,0.71,0.06,0.08,0.31,0.11,2024
SkRossiVLT,341,0.89,197.0,0.91,0.67,126.7,0.7,0.2,0.77,0.11,0.16,0.24,0.2,2023
DeryeonGE,652,0.89,192.8,0.89,0.7,127.1,0.67,0.22,0.76,0.14,0.15,0.27,0.09,2024
carpeT1,929,0.89,177.9,0.88,0.74,117.7,0.63,0.33,0.71,0.08,0.08,0.25,0.12,2024
eKoNFX,334,0.89,163.2,0.82,0.71,108.4,0.58,0.38,0.7,0.06,0.07,0.24,0.12,2023
vanityC9,822,0.89,174.9,0.85,0.71,116.0,0.61,0.35,0.72,0.08,0.11,0.22,0.15,2024
murizzzSHI,554,0.89,175.9,0.85,0.65,121.6,0.62,0.35,0.73,0.07,0.12,0.25,0.12,2023
ceNderVIT,1293,0.89,167.9,0.85,0.69,111.1,0.6,0.34,0.71,0.08,0.12,0.27,0.13,2024
LakiaGEN,2405,0.89,170.4,0.88,0.72,115.3,0.59,0.34,0.66,0.07,0.08,0.26,0.23,2024
liazziSCCP,315,0.89,170.7,0.86,0.7,112.6,0.6,0.28,0.69,0.05,0.07,0.33,0.11,2024
lenneIGN,213,0.89,168.2,0.76,0.73,110.3,0.53,0.38,0.69,0.07,0.07,0.18,0.06,2024
crashiesFNC,215,0.89,155.3,0.91,0.74,112.0,0.55,0.23,0.61,0.05,0.06,0.34,0.14,2025
ReitaMRSH,374,0.89,181.8,0.86,0.67,123.7,0.64,0.28,0.74,0.07,0.1,0.29,0.06,2023
artzinMIBR,414,0.89,202.2,0.88,0.69,130.3,0.69,0.31,0.78,0.14,0.18,0.19,0.21,2025
banTLN,217,0.89,183.7,0.94,0.67,117.4,0.64,0.2,0.68,0.1,0.12,0.34,0.13,2025
R1ckLeexDCats,342,0.89,180.7,0.94,0.74,121.0,0.65,0.15,0.69,0.1,0.09,0.21,0.32,2023
Tacolilla9ZG,987,0.89,191.4,0.93,0.68,123.5,0.66,0.18,0.71,0.18,0.18,0.18,0.14,2023
BooTH,551,0.88,165.3,0.8,0.7,115.9,0.58,0.23,0.72,0.06,0.07,0.28,0.1,2023
tuyzLOUD,258,0.88,168.3,0.87,0.7,110.3,0.58,0.26,0.67,0.09,0.09,0.29,0.3,2025
neTC9,211,0.88,175.3,0.91,0.67,115.2,0.64,0.22,0.7,0.09,0.09,0.41,0.07,2025
QuickLOS,782,0.88,197.6,0.94,0.65,129.3,0.7,0.15,0.75,0.16,0.17,0.28,0.11,2024
pAuraS2G,575,0.88,167.3,0.82,0.67,106.9,0.58,0.38,0.71,0.1,0.11,0.32,0.1,2024
PAULTATO4AM,325,0.88,183.0,0.94,0.69,124.0,0.66,0.2,0.7,0.06,0.09,0.23,0.15,2023
Septem7AG,287,0.88,172.9,0.86,0.72,120.5,0.61,0.18,0.71,0.11,0.14,0.22,0.24,2023
hiroronnRC,795,0.88,172.9,0.83,0.7,115.0,0.6,0.32,0.72,0.08,0.11,0.3,0.18,2024
mitchC9,211,0.87,175.9,0.81,0.7,111.5,0.59,0.45,0.73,0.08,0.1,0.21,0.1,2025
corteziaRED,414,0.87,183.9,0.93,0.67,124.4,0.66,0.18,0.71,0.09,0.08,0.34,0.08,2025
mindfreakPRX,205,0.87,162.7,0.82,0.68,107.4,0.57,0.37,0.69,0.04,0.06,0.32,0.14,2025
crowZETA,884,0.87,164.0,0.79,0.74,108.9,0.55,0.45,0.69,0.05,0.06,0.25,0.1,2023
TvirusLukeTEC,325,0.87,223.1,0.97,0.67,140.5,0.78,0.17,0.8,0.21,0.22,0.24,0.09,2023
paTiTekTL,990,0.87,185.7,0.91,0.71,123.2,0.62,0.44,0.68,0.08,0.08,0.23,0.13,2024
SouhcNiSUP,578,0.87,165.4,0.81,0.72,112.7,0.56,0.3,0.69,0.08,0.1,0.28,0.11,2023
BONECOLDVIT,667,0.87,168.1,0.79,0.68,109.3,0.58,0.37,0.73,0.08,0.11,0.29,0.16,2023
rhymeGIA,973,0.87,168.0,0.82,0.72,111.4,0.59,0.4,0.72,0.06,0.1,0.31,0.16,2023
KlausKRÜ,873,0.87,177.9,0.84,0.72,110.7,0.62,0.41,0.73,0.08,0.09,0.21,0.1,2023
RedgarGX,1088,0.86,168.2,0.83,0.69,109.6,0.58,0.4,0.71,0.11,0.11,0.35,0.11,2023
MixwellTH,551,0.86,190.6,0.81,0.68,128.5,0.64,0.34,0.79,0.09,0.11,0.21,0.18,2023
Star1ogWBG,211,0.86,157.7,0.78,0.71,109.1,0.56,0.31,0.72,0.06,0.1,0.33,0.3,2023
KlausKRÜ,577,0.86,174.9,0.81,0.72,116.5,0.58,0.29,0.72,0.11,0.08,0.25,0.13,2024
zander100T,224,0.86,166.3,0.83,0.74,103.9,0.57,0.38,0.69,0.09,0.08,0.24,0.17,2025
BerLINFPX,1673,0.86,186.6,0.91,0.67,125.4,0.63,0.37,0.69,0.1,0.11,0.29,0.08,2024
ShadoWMZP,740,0.86,167.6,0.84,0.68,108.6,0.59,0.3,0.7,0.05,0.1,0.21,0.12,2024
FiNESSENRG,1437,0.86,173.0,0.82,0.71,117.6,0.57,0.33,0.69,0.08,0.08,0.18,0.12,2023
WailersM8,564,0.86,153.4,0.84,0.69,103.5,0.57,0.23,0.67,0.05,0.04,0.31,0.08,2024
heybayTE,1428,0.86,176.4,0.89,0.74,108.6,0.61,0.42,0.69,0.06,0.06,0.25,0.09,2024
AAAAYFPX,1673,0.86,194.5,1.06,0.67,127.8,0.72,0.25,0.68,0.06,0.05,0.31,0.06,2024
reazyS2G,575,0.85,161.8,0.8,0.68,111.2,0.55,0.33,0.69,0.05,0.05,0.29,0.18,2024
nethFL,620,0.85,166.6,0.79,0.68,110.0,0.57,0.3,0.73,0.05,0.09,0.26,0.12,2024
Boostio100T,1176,0.85,181.3,0.87,0.7,123.4,0.64,0.24,0.73,0.09,0.12,0.25,0.17,2024
BoasterFNC,1591,0.85,151.4,0.79,0.72,98.8,0.51,0.4,0.65,0.07,0.11,0.23,0.13,2024
AYRINGE,562,0.85,170.1,0.83,0.68,109.8,0.58,0.27,0.7,0.06,0.08,0.19,0.16,2023
d3ffoSNS,296,0.85,166.3,0.85,0.71,111.5,0.61,0.2,0.72,0.11,0.14,0.21,0.1,2023
BiankTE,420,0.85,192.8,0.85,0.59,115.6,0.64,0.4,0.75,0.07,0.08,0.19,0.22,2025
DambiNS,381,0.85,204.2,0.87,0.71,128.3,0.69,0.33,0.79,0.19,0.2,0.2,0.19,2025
mtaOXÜ,711,0.84,167.9,0.8,0.68,112.6,0.59,0.27,0.74,0.08,0.09,0.34,0.06,2024
DestrianKPI,238,0.84,158.7,0.77,0.68,111.9,0.54,0.32,0.7,0.06,0.09,0.21,0.1,2024
v1nnyRED,258,0.84,151.3,0.78,0.71,106.1,0.54,0.38,0.69,0.03,0.08,0.34,0.1,2025
keloqzMDR,551,0.84,197.7,0.89,0.66,126.9,0.71,0.13,0.79,0.15,0.19,0.26,0.17,2023
RedLightDK,216,0.83,171.3,0.73,0.71,105.4,0.55,0.42,0.75,0.11,0.09,0.23,0.24,2023
S1MonEDG,730,0.83,155.2,0.82,0.71,100.7,0.55,0.5,0.67,0.03,0.06,0.3,0.17,2025
ApothEG,632,0.83,172.0,0.81,0.61,118.7,0.59,0.23,0.73,0.09,0.15,0.34,0.16,2024
LifeFPX,1673,0.83,228.1,1.03,0.62,139.6,0.79,0.18,0.76,0.19,0.21,0.35,0.24,2024
AnthemSZ,620,0.83,156.8,0.75,0.7,106.7,0.55,0.31,0.73,0.05,0.09,0.24,0.12,2024
LysoarWOL,1673,0.83,187.6,1.01,0.65,121.3,0.66,0.3,0.65,0.05,0.06,0.24,0.04,2024
ANGE1NAVI,1311,0.83,181.6,0.81,0.7,119.0,0.62,0.33,0.76,0.13,0.13,0.3,0.13,2023
CrwsTLN,944,0.83,157.1,0.79,0.68,107.9,0.54,0.27,0.68,0.04,0.08,0.23,0.13,2024
BiankTE,1207,0.82,185.3,0.88,0.64,120.2,0.62,0.34,0.71,0.1,0.11,0.16,0.35,2024
havocFUR,555,0.82,185.4,0.82,0.61,128.6,0.64,0.19,0.78,0.12,0.18,0.36,0.18,2024
fl1pzjderRRQ,380,0.81,158.9,0.75,0.67,106.3,0.55,0.28,0.73,0.07,0.11,0.28,0.2,2024
yayEG,416,0.81,184.8,0.82,0.67,122.9,0.63,0.19,0.76,0.16,0.2,0.24,0.22,2024
AowhaEmpt,211,0.81,170.8,0.77,0.69,114.5,0.58,0.28,0.75,0.06,0.08,0.22,0.23,2023
ANGE1NAVI,760,0.81,172.0,0.8,0.66,116.3,0.6,0.29,0.75,0.1,0.12,0.33,0.07,2024
SorrysTUA,284,0.81,186.3,0.77,0.72,122.9,0.59,0.42,0.77,0.09,0.12,0.2,0.08,2023
HaodongTEC,1047,0.8,152.2,0.76,0.69,97.0,0.53,0.33,0.7,0.08,0.11,0.27,0.36,2024
KnightBLG,954,0.8,198.2,1.02,0.64,126.0,0.69,0.34,0.68,0.06,0.07,0.29,0.08,2024
xnfriVL,425,0.8,159.2,0.71,0.69,106.9,0.54,0.4,0.76,0.04,0.08,0.25,0.11,2023
ArtDFM,224,0.8,169.7,0.77,0.67,110.5,0.55,0.28,0.72,0.07,0.12,0.2,0.1,2025
beyAzM8,564,0.8,155.4,0.72,0.71,103.8,0.52,0.42,0.72,0.05,0.07,0.23,0.11,2024
mazinLOS,699,0.8,153.6,0.73,0.64,102.3,0.52,0.34,0.71,0.06,0.07,0.29,0.15,2024
FiNESSENRG,242,0.79,150.6,0.71,0.69,105.3,0.49,0.29,0.69,0.05,0.1,0.19,0.1,2025
rinBLG,585,0.79,157.6,0.81,0.66,91.9,0.57,0.36,0.7,0.05,0.07,0.23,0.08,2023
crazyguyRRQ,358,0.79,168.9,0.71,0.66,115.3,0.53,0.31,0.75,0.08,0.11,0.24,0.09,2024
NewzeraDVM,263,0.79,130.3,0.74,0.68,91.8,0.47,0.28,0.64,0.05,0.08,0.41,0.15,2023
cgrsMITH,353,0.78,151.6,0.74,0.69,98.3,0.53,0.3,0.71,0.05,0.09,0.21,0.15,2023
nizhaoTZHAG,484,0.78,166.0,0.85,0.65,92.8,0.59,0.39,0.7,0.06,0.08,0.3,0.11,2023
RedgarGX,554,0.78,148.1,0.74,0.67,97.4,0.53,0.34,0.71,0.07,0.1,0.36,0.18,2024
vakkBBL,244,0.78,150.5,0.77,0.67,97.4,0.55,0.25,0.72,0.03,0.07,0.32,0.16,2025
CrwsTLN,272,0.77,150.7,0.74,0.68,98.4,0.51,0.29,0.69,0.04,0.09,0.24,0.12,2025
kon4nFUR,314,0.77,158.3,0.73,0.67,105.5,0.54,0.27,0.74,0.07,0.1,0.24,0.11,2024
FiNESSENRG,215,0.76,158.1,0.71,0.64,105.5,0.54,0.28,0.76,0.08,0.04,0.19,0.12,2024
GovernorAPK,217,0.75,173.6,0.77,0.65,111.6,0.58,0.16,0.75,0.17,0.2,0.19,0.06,2025
9stKE,282,0.75,166.1,0.7,0.71,104.2,0.55,0.44,0.79,0.08,0.13,0.25,0.12,2023
hfmi0dzjc9z7TYL,267,0.73,236.4,1.13,0.58,104.0,0.83,0.23,0.74,0.07,0.12,0.24,0.27,2023
dephhSEN,394,0.73,150.4,0.67,0.67,100.8,0.51,0.36,0.76,0.05,0.08,0.22,0.14,2023
BerLINFPX,484,0.72,194.2,0.88,0.69,113.0,0.64,0.4,0.73,0.12,0.15,0.33,0.1,2023
koldamentaMKOI,712,0.7,126.6,0.59,0.66,81.1,0.42,0.38,0.71,0.04,0.1,0.22,0.16,2023
xandFUR,241,0.69,139.4,0.65,0.7,94.7,0.49,0.34,0.76,0.07,0.13,0.29,0.08,2024
ZE1SHKC,408,0.69,133.9,0.66,0.64,87.8,0.47,0.3,0.71,0.04,0.09,0.27,0.11,2023
Boostio100T,224,0.68,140.0,0.67,0.67,89.1,0.48,0.29,0.71,0.06,0.08,0.25,0.05,2025
FengFTE,420,0.55,198.9,0.96,0.57,104.6,0.71,0.16,0.74,0.11,0.2,0.21,0.13,2025
